LidNr;Naam;Voornaam;Achternaam;Tussenvoegsel;Adres;Woonplaats;Postcode;Mobiel;Telefoon;BondsNr;Geslacht;GeboorteDatum;Leeftijd;Email1;Email2;LidType;LidBond;CompGerechtigd;LeeftijdCat;BetaalWijze;LidVanaf;Opgezegd;LidTot;PakketTot;Medisch;Ouder1_Naam;Ouder1_Email1;Ouder1_Email2;Ouder1_Mobiel;Ouder1_Telefoon;Ouder2_Naam;Ouder2_Email1;Ouder2_Email2;Ouder2_Mobiel;Ouder2_Telefoon
"331";"Abrahams, Moreno";"Moreno";"Abrahams";"";"Dorp 276";"BENSCHOP";"3405BL";"";"06-48387098";"3932183";"M";"20020723";"11";"jootje@jootje.com";"yuri.abrahams@facebook.com";"N";"J";"J";"PUP 1";"I";"20091106";"N";"";"";"";"Yuri";"yuri@the-clinic.nl";"";"";"";"Jolanda";"";"";"";""
"173";"Bednarczyk, Ewa";"Ewa";"Bednarczyk";"";"Orpheuslaan 46";"NIEUWEGEIN";"3438VW";"";"030-6055889";"3597917";"M";"19950718";"18";"pixiepetje@hotmail.com";"";"N";"J";"J";"SEN 1";"I";"20020501";"N";"";"";"";"";"";"";"";"";"";"";"";"";""
"242";"Bednarczyk, Natalia";"Natalia";"Bednarczyk";"";"Orpheuslaan 46";"NIEUWEGEIN";"3438VW";"06-42324695";"030-6055889";"3788372";"V";"19971231";"15";"ailatan@live.nl";"";"N";"N";"N";"JUN 2";"I";"20060920";"N";"";"";"";"";"bednarczyk@zonnet.nl";"";"";"";"";"";"";"";""
"365";"Boheemen, Vera van";"Vera";"Boheemen";"van";"Vredebestlaan 9";"NIEUWEGEIN";"3431CG";"06-30206980";"030-6301035";"3894084";"V";"19991223";"14";"vera-vb@hotmail.com";"";"N";"N";"N";"CAD 2";"I";"20120122";"N";"";"";"";"";"pietwillemien@casema.nl";"";"";"";"";"";"";"";""
"311";"Braster, Sven";"Sven";"Braster";"";"Barteldsgaarde 11";"NIEUWEGEIN";"3436RK";"";"030-2898710";"3915416";"M";"19980618";"15";"svenbraster@hotmail.com";"";"N";"N";"N";"JUN 1";"I";"20090320";"N";"";"";"Medisch";"";"brigittebraster@casema.nl";"";"";"";"";"";"";"";""
"393";"Bree, Jurre de";"Jurre";"Bree";"de";"Pieter Aerstenhage 108";"NIEUWEGEIN";"3437NW";"06-20031691";"030-6046484";"4055366";"M";"20040609";"9";"jurre@debree.eu";"";"P";"N";"N";"WLP 1";"I";"20121114";"N";"";"20131122";"";"Lonneke";"fam@debree.eu";"";"";"";"";"";"";"";""
"394";"Brenninkmeyer, Timo";"Timo";"Brenninkmeyer";"";"Kafmolenweide 3";"NIEUWEGEIN";"3437XS";"06-30726438";"030-7558557";"";"M";"20011230";"11";"timobrenn@hotmail.com";"";"P";"N";"N";"PUP 2";"I";"19000101";"N";"";"20140101";"Migraine";"";"karinasertons@hotmail.com";"";"";"";"";"";"";"";""
"383";"Clement, Ernstjan";"Ernstjan";"Clement";"";"Kruijderlaan 154";"NIEUWEGEIN";"3431BT";"06-41148544";"030-6046353";"4047452";"M";"19981008";"15";"a.clement45@ziggo.nl";"";"N";"J";"N";"JUN 1";"I";"20120920";"N";"";"";"";"";"";"";"";"";"";"";"";"";""
"372";"Cramer, Lex";"Lex";"Cramer";"";"Malrovegaarde 6";"NIEUWEGEIN";"3436JK";"06-20606037";"06-20606037";"4058534";"M";"20020617";"11";"";"";"N";"J";"J";"PUP 1";"I";"20120301";"N";"";"";"";"";"g.cramer@rn.rabobank.nl";"";"";"";"";"";"";"";""
"333";"Delissen, Oscar";"Oscar";"Delissen";"";"Merwedeplantsoen 53";"UTRECHT";"3522JZ";"06-18157749";"030-2888832";"3829500";"M";"19970207";"16";"delissenwijten@zonnet.nl";"";"N";"J";"J";"JUN 2";"I";"20091221";"N";"";"";"";"";"";"";"";"";"";"";"";"";""
"402";"Drijfhout, Coen";"Coen";"Drijfhout";"";"Melvill van Cainbeelaan 9";"DRIEBERGEN RIJSENB";"3971BA";"";"0343-755408";"3991145";"M";"19971023";"16";"cdrijfhout@detinne.nl";"";"N";"J";"J";"JUN 2";"I";"20130720";"N";"";"";"ADHD/PDD NOS";"";"h.drijfhout@asuadvies.nl";"";"";"";"";"";"";"";""
"374";"Fokkenrood, Mitch";"Mitch";"Fokkenrood";"";"Kasteeldrift 29";"NIEUWEGEIN";"3436TL";"06-24299425";"";"4042088";"M";"19981110";"15";"";"";"N";"J";"J";"JUN 1";"I";"20120708";"N";"";"";"";"";"marinatemming@hotmail.com";"";"";"";"";"";"";"";""
"382";"Geijtenbeek, Youri";"Youri";"Geijtenbeek";"";"Postwagendrift 17";"NIEUWEGEIN";"3436AZ";"0641450913";"06-42216751";"";"M";"20000609";"13";"wilmavanschaik@yahoo.com";"";"N";"N";"N";"CAD 1";"I";"20120920";"N";"";"";"";"";"edgeijtenbeek@gmail.com";"";"";"";"";"";"";"";""
"364";"Heiningen, Koen van";"Koen";"Heiningen";"van";"Utrechtseweg 18";"IJSSELSTEIN UT";"3402PL";"";"06-15321322";"4023327";"M";"19991215";"14";"";"";"N";"J";"N";"CAD 2";"I";"20120122";"N";"";"";"";"";"paulien1967@gmail.com";"";"";"";"";"";"";"";""
"396";"Hengst, Ruben";"Ruben";"Hengst";"";"Nedereindseweg 219";"NIEUWEGEIN";"3438AC";"06-12912492";"030-6033403";"4062800";"M";"20000825";"13";"rubenhengst@gmail.com";"";"P";"J";"N";"CAD 1";"I";"20121220";"N";"";"20140101";"4062800";"";"";"";"";"";"";"";"";"";""
"371";"Horssen, Vivianne van";"Vivianne";"Horssen";"van";"Gerrit Achterberghove 2";"NIEUWEGEIN";"3437ZE";"06-46024067";"0306047521";"";"M";"20041206";"9";"vivianne.vanhorssen@gmail.com";"";"N";"N";"N";"WLP 1";"I";"20120207";"N";"";"";"";"";"henny.vanhorssen@gmail.com";"";"";"";"";"";"";"";""
"247";"Jekel, Deborah";"Deborah";"Jekel";"";"Diligencedrift 15";"NIEUWEGEIN";"3436AW";"";"030-2802578";"3815137";"V";"19951205";"18";"gewoon-deborah@hotmail.com";"";"N";"J";"J";"SEN 1";"I";"20070101";"N";"";"";"";"";"";"";"";"";"";"";"";"";""
"307";"Kader, Gino";"Gino";"Kader";"";"P.W. Alexanderdijk 75";"IJSSELSTEIN UT";"3402PK";"06-45306056";"030-2900748";"3926352";"M";"20001023";"13";"";"";"N";"J";"J";"CAD 1";"I";"20090303";"N";"";"";"06-41767376";"";"kader2@kabelfoon.nl";"";"";"";"";"";"";"";""
"403";"Kruijf, Tommy de";"Tommy";"Kruijf";"de";"Kamperveste 46";"Nieuwegein";"3432BD";"06-28637181";"";"4038788";"M";"20010508";"12";"";"";"N";"N";"N";"PUP 2";"U";"20130812";"N";"";"";"";"Jolande";"jolandedekruijf@gmail.com";"";"";"";"";"";"";"";""
"360";"Mohamed Kamel, Semmi";"Semmi";"Mohamed Kamel";"";"Televisiebaan 71";"IJSSELSTEIN UT";"3402VB";"";"06-81878051";"4016817";"M";"19990222";"14";"";"";"N";"J";"J";"CAD 2";"U";"20110922";"N";"";"";"";"Gitte";"gitteaboulaila@hotmail.com";"";"";"";"";"";"";"";""
"254";"Nieuwendijk, Patrick";"Patrick";"Nieuwendijk";"";"Rembrandthage 61";"NIEUWEGEIN";"3438JJ";"";"030-6090871";"3835925";"M";"20000303";"13";"erwinhpg7@gmail.com";"";"N";"J";"N";"CAD 1";"I";"20070409";"N";"";"";"100 euro";"";"lucy.nieuwendijk@gmail.com";"";"";"";"";"";"";"";""
"406";"Overbeek, Finn";"Finn";"Overbeek";"";"Stijn Streuvelshove 53";"NIEUWEGEIN";"3437BC";"06-27474928";"030-6054808";"";"M";"20061011";"7";"";"";"N";"N";"N";"WLP -1";"I";"20130929";"N";"";"";"";"Kim Hendriks";"kim.hendriks@casema.nl";"";"";"";"";"";"";"";""
"376";"Peper, Douwe";"Douwe";"Peper";"";"Nassaulaan 3 a";"DOORN";"3941EC";"06-42438778";"0343-416890";"4002428";"M";"20000226";"13";"";"";"N";"J";"J";"CAD 1";"I";"20120708";"N";"";"";"";"";"m.dehont@planet.nl";"";"";"";"";"";"";"";""
"362";"Rakké, Nimrod";"Nimrod";"Rakké";"";"Croesestraat 43 b";"UTRECHT";"3522AB";"06-25274563";"030-2888753";"3745950";"M";"19960915";"17";"nimrodrak@hotmail.com";"";"N";"J";"J";"JUN 3";"I";"20110915";"N";"";"";"";"";"a.rakke@eduwise.nl";"";"";"";"";"";"";"";""
"399";"Sahtout, Mounir";"Mounir";"Sahtout";"";"Herteweide 51";"NIEUWEGEIN";"3437EN";"";"06-57041504";"4062795";"M";"20031109";"10";"a.elfalah@hotmail.com";"";"P";"J";"J";"WLP 2";"I";"20130127";"N";"";"20140101";"";"";"";"";"";"";"";"";"";"";""
"354";"Schinkel, Hidde";"Hidde";"Schinkel";"";"Mandenmaker 42";"IJSSELSTEIN UT";"3401TG";"06-13053807";"030-6872442";"3997426";"M";"20000420";"13";"hans.schinkel@tiscali.nl";"";"N";"J";"J";"CAD 1";"I";"20110425";"N";"";"";"";"";"";"";"";"";"";"";"";"";""
"318";"Schmitt, Jaxon";"Jaxon";"Schmitt";"";"Bieslookgaarde 3";"NIEUWEGEIN";"3436HA";"";"030-6040235";"3923299";"M";"19970918";"16";"jaxon@us2u.nl";"";"N";"J";"N";"JUN 2";"I";"20090614";"N";"";"";"";"";"michel@us2u.nl";"";"";"";"";"";"";"";""
"317";"Schmitt, Youri";"Youri";"Schmitt";"";"Bieslookgaarde 3";"NIEUWEGEIN";"3436HA";"";"030-6040235";"3923281";"M";"19991015";"14";"youri@us2u.nl";"";"N";"J";"N";"CAD 2";"I";"20090614";"N";"";"";"";"";"michel@us2u.nl";"";"";"";"";"";"";"";""
"270";"Seldenrijk, Rob";"Rob";"Seldenrijk";"";"Multatulistraat 73";"VLEUTEN";"3415AR";"06-44229072";"030-6772223";"3620833";"M";"19960527";"17";"robseldenrijk@hotmail.com";"";"N";"J";"J";"JUN 3";"I";"20071204";"N";"";"";"geen bond/compbijdrage";"";"ruthenmarjo@casema.nl";"";"";"";"";"";"";"";""
"359";"Strookman, Robin";"Robin";"Strookman";"";"Johannes Vermeerhage 27";"NIEUWEGEIN";"3437NM";"06-17764421";"06-48543939";"4025531";"M";"20030618";"10";"robinstrookman@hotmail.com";"";"N";"J";"J";"WLP 2";"I";"20110921";"N";"";"";"";"";"jacco@strookmanadvies.nl";"";"";"";"";"";"";"";""
"381";"Sukuti, Jaimy";"Jaimy";"Sukuti";"";"Damhertweide 9";"NIEUWEGEIN";"3437CE";"06-30570674";"030-6032352";"4047460";"M";"20010421";"12";"";"";"N";"J";"J";"PUP 2";"I";"20120909";"N";"";"";"";"";"salihentamara@scarlet.nl";"";"";"";"";"";"";"";""
"368";"Turgut, Sarah";"Sarah";"Turgut";"";"Kersegaarde 36";"NIEUWEGEIN";"3436GD";"";"06-24876473";"";"V";"20040405";"9";"";"";"N";"N";"N";"WLP 1";"I";"20120122";"N";"";"";"";"";"turgut_m@hotmail.com";"";"";"";"";"";"";"";""
"386";"Uyleman, Bruce";"Bruce";"Uyleman";"";"Tilburgdrift 8";"NIEUWEGEIN";"3436AT";"06-50295037";"030-6039519";"4070374";"M";"20021002";"11";"";"";"N";"J";"J";"PUP 1";"I";"20121018";"N";"";"";"";"";"paulenvera@gmail.com";"";"";"";"";"";"";"";""
"384";"Veenstra, Lukas";"Lukas";"Veenstra";"";"Elisabethgaarde 2";"NIEUWEGEIN";"3436RH";"";"030-2238328";"";"M";"20021206";"11";"";"";"N";"N";"N";"PUP 1";"I";"20120901";"N";"";"";"";"";"leonie.veenstra.vdbreul@gmail.com";"";"";"";"";"";"";"";""
"294";"Waal, Martijn de";"Martijn";"Waal";"de";"Melissegaarde 29";"NIEUWEGEIN";"3436HZ";"06-40874986";"030-6977411";"3882972";"M";"19960518";"17";"mrjdewaal@hotmail.com";"";"N";"J";"J";"JUN 3";"I";"20080928";"N";"";"";"Naam moeder: Wensing";"";"rtmwensing@hotmail.com";"";"";"";"";"";"";"";""
"347";"Waal, Renske de";"Renske";"Waal";"de";"Melissegaarde 29";"NIEUWEGEIN";"3436HZ";"06-40874986";"030-6977411";"4077025";"V";"20011229";"11";"";"";"N";"J";"J";"PUP 2";"I";"20101012";"N";"";"";"";"";"rtmwensing@hotmail.com";"";"";"";"";"";"";"";""
"375";"Wannet, Jasper";"Jasper";"Wannet";"";"Batiewseweg 35";"LOPIKERKAPEL";"3412KX";"06-43261291";"0348-553551";"4035277";"M";"20010826";"12";"j.j.wannet@kpnmail.nl";"";"N";"J";"J";"PUP 2";"I";"20120708";"N";"";"";"";"";"m.wannet@growconsult.nl";"";"";"";"";"";"";"";""
"405";"Zelderen, Sharon van";"Sharon";"Zelderen";"van";"Lopikerweg Oost 100A";"Lopik";"3411LW";"06-23876385";"0348-551990";"3755002";"V";"19980227";"15";"sharonvanzelderen@hotmail.com";"";"N";"N";"N";"JUN 1";"I";"20130916";"N";"";"";"";"";"famvzelderen@hetnet.nl";"";"";"";"";"";"";"";""
